move_name,num_videos,num_frames,video_names
cats cradle,10,5996,68975B35-C697-4EDA-85E4-A6D1CDA42D94.MP4; IMG_0237.MOV; IMG_0261.MOV; IMG_0271.MOV; IMG_0288.MOV; IMG_0289.MOV; IMG_0333.MOV; IMG_0343.MOV; IMG_0403.MOV; IMG_0406.MOV
egg beaters,7,5714,F419D05E-A241-445E-84E8-9C68B579B43B.MP4; IMG_0277.MOV; IMG_0285.MOV; IMG_0298.MOV; IMG_0299.MOV; IMG_0300.MOV; IMG_0322.MOV
leg roll up,6,4877,04FA1519-6555-4691-B19A-0B6A59C45437.MP4; 25B07290-1903-4F13-8301-A8FB4FE16FBF.MP4; 37CF84D8-052D-45CE-A7DC-CFF5E9AA21FF.MP4; E9229D19-C830-43CE-968E-4F5A34C7F83D.MP4; HEPD9977 (1).MP4; IMG_0264.MOV
superman,2,1997,D2D07F46-BB7F-449F-BA97-3DF63EBB08E1.MP4; IMG_0314.MOV
cats cradle end,5,1988,IMG_0237.MOV; IMG_0261.MOV; IMG_0271.MOV; IMG_0288.MOV; IMG_0289.MOV
cats knee hook,4,1589,AC17FC6E-328D-4C1B-8D68-FF91E74A4C79.MP4; IMG_0303.MOV; IMG_0304.MOV; IMG_0305.MOV
aerial slide,2,1566,IMG_0294.MOV; IMG_0322.MOV
flamingo,6,1478,IMG_0262.MOV; IMG_0263.MOV; IMG_0279.MOV; IMG_0280.MOV; IMG_0289.MOV; IMG_0293.MOV
music box,4,1286,IMG_0271.MOV; IMG_0289.MOV; IMG_0292.MOV; IMG_0293.MOV
folded split,2,1214,IMG_0266.MOV; IMG_0295.MOV
martini,5,981,F419D05E-A241-445E-84E8-9C68B579B43B.MP4; IMG_0277.MOV; IMG_0278.MOV; IMG_0298.MOV; IMG_0300.MOV
hangman,4,940,IMG_0262.MOV; IMG_0263.MOV; IMG_0289.MOV; IMG_0293.MOV
seahorse,1,891,IMG_0260.MOV
queen of diamonds,3,634,37CF84D8-052D-45CE-A7DC-CFF5E9AA21FF.MP4; IMG_0437.MOV; IMG_0468.MOV
angel,3,494,04FA1519-6555-4691-B19A-0B6A59C45437.MP4; E9229D19-C830-43CE-968E-4F5A34C7F83D.MP4; HEPD9977 (1).MP4
devil,4,465,04FA1519-6555-4691-B19A-0B6A59C45437.MP4; E9229D19-C830-43CE-968E-4F5A34C7F83D.MP4; HEPD9977 (1).MP4; IMG_0264.MOV
hip lean,3,451,04FA1519-6555-4691-B19A-0B6A59C45437.MP4; E9229D19-C830-43CE-968E-4F5A34C7F83D.MP4; HEPD9977 (1).MP4
tic tock,1,400,FF7B73C2-A087-4A9C-8C4F-154D71CE606D.mov
crossback setup,2,334,F419D05E-A241-445E-84E8-9C68B579B43B.MP4; IMG_0278.MOV
lady in the moon,1,287,FF7B73C2-A087-4A9C-8C4F-154D71CE606D.mov
gazelle salto,1,279,FF7B73C2-A087-4A9C-8C4F-154D71CE606D.mov
cross back setup,1,268,IMG_0298.MOV
cross back,2,266,IMG_0299.MOV; IMG_0300.MOV
hipkey,1,219,FF7B73C2-A087-4A9C-8C4F-154D71CE606D.mov
rolly polly climb,1,217,IMG_0296.MOV
inverted queen,2,182,25B07290-1903-4F13-8301-A8FB4FE16FBF.MP4; 37CF84D8-052D-45CE-A7DC-CFF5E9AA21FF.MP4
lotus hang,1,160,IMG_0268.MOV
bird cage,1,154,FF7B73C2-A087-4A9C-8C4F-154D71CE606D.mov
queen of diamond,1,117,25B07290-1903-4F13-8301-A8FB4FE16FBF.MP4
gazelle,1,100,FF7B73C2-A087-4A9C-8C4F-154D71CE606D.mov
inverted backbend,1,93,FF7B73C2-A087-4A9C-8C4F-154D71CE606D.mov
stag,1,89,FF7B73C2-A087-4A9C-8C4F-154D71CE606D.mov
sail,1,81,FF7B73C2-A087-4A9C-8C4F-154D71CE606D.mov
